,alignment_name,accepted_name,coevol
1,Eucalyptus_goniocarpa_536,Eucalyptus_goniocarpa,E_goniocarpa
2,Eucalyptus_spathulata_subsp_spathulata_368,Eucalyptus_spathulata,E_spathulata
3,Eucalyptus_vegrandis_subsp_vegrandis_435,Eucalyptus_vegrandis,E_vegrandis
4,Eucalyptus_nutans_722,Eucalyptus_nutans,E_nutans
5,Eucalyptus_astringens_subsp_astringens_68,Eucalyptus_astringens,E_astringens
6,Eucalyptus_occidentalis_430,Eucalyptus_occidentalis,E_occidentalis
7,Eucalyptus_proxima_432,Eucalyptus_proxima,E_proxima
8,Eucalyptus_cernua_436,Eucalyptus_cernua,E_cernua
9,Eucalyptus_vesiculosa_87,Eucalyptus_vesiculosa,E_vesiculosa
10,Eucalyptus_loxophleba_subsp_loxophleba_ANBG_9205090,Eucalyptus_loxophleba,E_loxophleba
11,Eucalyptus_cerasiformis_CANB_586828,Eucalyptus_cerasiformis,E_cerasiformis
12,Eucalyptus_laeliae_337,Eucalyptus_laeliae,E_laeliae
13,Eucalyptus_accedens_346,Eucalyptus_accedens,E_accedens
14,Eucalyptus_stowardii_CANB_790458,Eucalyptus_stowardii,E_stowardii
15,Eucalyptus_diminuta_438,Eucalyptus_diminuta,E_diminuta
16,Eucalyptus_blaxellii_MC_11172,Eucalyptus_blaxellii,E_blaxellii
17,Eucalyptus_incerata_728,Eucalyptus_incerata,E_incerata
18,Eucalyptus_megacornuta_84,Eucalyptus_megacornuta,E_megacornuta
19,Eucalyptus_gomphocephala_357,Eucalyptus_gomphocephala,E_gomphocephala
20,Eucalyptus_aspratilis_AHT_E18,Eucalyptus_aspratilis,E_aspratilis
21,Eucalyptus_steedmanii_585,Eucalyptus_steedmanii,E_steedmanii
22,Eucalyptus_sargentii_subsp_sargentii_524,Eucalyptus_sargentii,E_sargentii
23,Eucalyptus_cylindriflora_CANB_794327,Eucalyptus_cylindriflora,E_cylindriflora
24,Eucalyptus_depauperata_CANB_794299,Eucalyptus_depauperata,E_depauperata
25,Eucalyptus_eremophila_CANB_794301,Eucalyptus_eremophila,E_eremophila
26,Eucalyptus_mimica_subsp_mimica_534,Eucalyptus_mimica,E_mimica
27,Eucalyptus_tenera_440,Eucalyptus_tenera,E_tenera
28,Eucalyptus_dielsii_74,Eucalyptus_dielsii,E_dielsii
29,Eucalyptus_suggrandis_subsp_suggrandis_82,Eucalyptus_suggrandis,E_suggrandis
30,Eucalyptus_mcquoidii_4,Eucalyptus_mcquoidii,E_mcquoidii
31,Eucalyptus_newbeyi_501,Eucalyptus_newbeyi,E_newbeyi
32,Eucalyptus_burdettiana_510,Eucalyptus_burdettiana,E_burdettiana
33,Eucalyptus_macrandra_153,Eucalyptus_macrandra,E_macrandra
34,Eucalyptus_cornuta_65,Eucalyptus_cornuta,E_cornuta
35,Eucalyptus_brevipes_CANB_692658,Eucalyptus_brevipes,E_brevipes
36,Eucalyptus_desmondensis_515,Eucalyptus_desmondensis,E_desmondensis
37,Eucalyptus_redunca_507,Eucalyptus_redunca,E_redunca
38,Eucalyptus_alipes_53,Eucalyptus_alipes,E_alipes
39,Eucalyptus_albopurpurea_3,Eucalyptus_albopurpurea,E_albopurpurea
40,Eucalyptus_subtilis_57,Eucalyptus_subtilis,E_subtilis
41,Eucalyptus_cuspidata_6,Eucalyptus_cuspidata,E_cuspidata
42,Eucalyptus_hebetifolia_467228,Eucalyptus_hebetifolia,E_hebetifolia
43,Eucalyptus_pluricaulis_subsp_pluricaulis_296,Eucalyptus_pluricaulis,E_pluricaulis
44,Eucalyptus_kruseana_129,Eucalyptus_kruseana,E_kruseana
45,Eucalyptus_brachyphylla_9807043,NA,NA
46,Eucalyptus_annulata_CANB_794263,Eucalyptus_annulata,E_annulata
47,Eucalyptus_semota_530,Eucalyptus_semota,E_semota
48,Eucalyptus_stricklandii_18,Eucalyptus_stricklandii,E_stricklandii
49,Eucalyptus_utilis_62,Eucalyptus_utilis,E_utilis
50,Eucalyptus_extensa_33,Eucalyptus_extensa,E_extensa
51,Eucalyptus_livida_CANB_794326,Eucalyptus_livida,E_livida
52,Eucalyptus_pilbarensis_MC_11120,Eucalyptus_pilbarensis,E_pilbarensis
53,Eucalyptus_prominens_373,Eucalyptus_prominens,E_prominens
54,Eucalyptus_carnei_757,Eucalyptus_carnei,E_carnei
55,Eucalyptus_erythronema_subsp_erythronema_19,Eucalyptus_erythronema,E_erythronema
56,Eucalyptus_talyuberlup_724,Eucalyptus_talyuberlup,E_talyuberlup
57,Eucalyptus_salubris_589,Eucalyptus_salubris,E_salubris
58,Eucalyptus_tumida_CANB_794343,Eucalyptus_tumida,E_tumida
59,Eucalyptus_grossa_CANB_794307,Eucalyptus_grossa,E_grossa
60,Eucalyptus_articulata_186,Eucalyptus_articulata,E_articulata
61,Eucalyptus_trivalvis_AHT_E5,NA,NA
62,Eucalyptus_zopherophloia_AHT_E12,Eucalyptus_zopherophloia,E_zopherophloia
63,Eucalyptus_tortilis_588,Eucalyptus_tortilis,E_tortilis
64,Eucalyptus_xanthonema_subsp_xanthonema_CANB_794264,Eucalyptus_xanthonema,E_xanthonema
65,Eucalyptus_thamnoides_86,Eucalyptus_thamnoides,E_thamnoides
66,Eucalyptus_diptera_535,Eucalyptus_diptera,E_diptera
67,Eucalyptus_ravida_458,Eucalyptus_ravida,E_ravida
68,Eucalyptus_jimberlanica_16,Eucalyptus_jimberlanica,E_jimberlanica
69,Eucalyptus_creta_29,Eucalyptus_creta,E_creta
70,Eucalyptus_effusa_subsp_effusa_39,Eucalyptus_effusa,E_effusa
71,Eucalyptus_terebra_31,Eucalyptus_terebra,E_terebra
72,Eucalyptus_campaspe_522,Eucalyptus_campaspe,E_campaspe
73,Eucalyptus_pruiniramis_MC_11189,Eucalyptus_pruiniramis,E_pruiniramis
74,Eucalyptus_protensa_14,Eucalyptus_protensa,E_protensa
75,Eucalyptus_phaenophylla_subsp_phaenophylla_CANB_794282,Eucalyptus_phaenophylla,E_phaenophylla
76,Eucalyptus_praetermissa_CANB_610680,Eucalyptus_praetermissa,E_praetermissa
77,Eucalyptus_clivicola_66,Eucalyptus_clivicola,E_clivicola
78,Eucalyptus_histophylla_12,Eucalyptus_histophylla,E_histophylla
79,Eucalyptus_melanophitra_582,Eucalyptus_melanophitra,E_melanophitra
80,Eucalyptus_arachnae_518,NA,NA
81,Eucalyptus_medialis_AHT_E20,Eucalyptus_medialis,E_medialis
82,Eucalyptus_abdita_CANB_687864,Eucalyptus_abdita,E_abdita
83,Eucalyptus_gardneri_subsp_gardneri_593,Eucalyptus_gardneri,E_gardneri
84,Eucalyptus_cyclostoma_9903101,Eucalyptus_cyclostoma,E_cyclostoma
85,Eucalyptus_densa_subsp_densa_363,Eucalyptus_densa,E_densa
86,Eucalyptus_brachycorys_266,NA,NA
87,Eucalyptus_comitae_vallis_465,NA,NA
88,Eucalyptus_corrugata_7,Eucalyptus_corrugata,E_corrugata
89,Eucalyptus_georgei_subsp_georgei_323,Eucalyptus_georgei,E_georgei
90,Eucalyptus_obtusiflora_MC_10760,Eucalyptus_obtusiflora,E_obtusiflora
91,Eucalyptus_assimilans_269,Eucalyptus_assimilans,E_assimilans
92,Eucalyptus_kondininensis_85,Eucalyptus_kondininensis,E_kondininensis
93,Eucalyptus_polita_22,Eucalyptus_polita,E_polita
94,Eucalyptus_myriadena_591,Eucalyptus_myriadena,E_myriadena
95,Eucalyptus_vittata_43,Eucalyptus_vittata,E_vittata
96,Eucalyptus_distuberosa_subsp_aerata_10,Eucalyptus_distuberosa,E_distuberosa
97,Eucalyptus_spreta_40,Eucalyptus_spreta,E_spreta
98,Eucalyptus_frenchiana_11,Eucalyptus_frenchiana,E_frenchiana
99,Eucalyptus_nerthicola_34,NA,NA
100,Eucalyptus_clelandii_581,NA,NA
101,Eucalyptus_torquata_MC_10738,Eucalyptus_torquata,E_torquata
102,Eucalyptus_pileata_17,Eucalyptus_pileata,E_pileata
103,Eucalyptus_argutifolia_AHT_E17,Eucalyptus_argutifolia,E_argutifolia
104,Eucalyptus_valens_478,Eucalyptus_valens,E_valens
105,Eucalyptus_conglobata_subsp_conglobata_5,Eucalyptus_conglobata,E_conglobata
106,Eucalyptus_pterocarpa_8,Eucalyptus_pterocarpa,E_pterocarpa
107,Eucalyptus_gypsophila_543,Eucalyptus_gypsophila,E_gypsophila
108,Eucalyptus_tenuis_584,Eucalyptus_tenuis,E_tenuis
109,Eucalyptus_brachycalyx_508,Eucalyptus_brachycalyx,E_brachycalyx
110,Eucalyptus_yilgarnensis_AHT_E14,Eucalyptus_yilgarnensis,E_yilgarnensis
111,Eucalyptus_fraseri_subsp_fraseri_36,Eucalyptus_fraseri,E_fraseri
112,Eucalyptus_cyanophylla_338,Eucalyptus_cyanophylla,E_cyanophylla
113,Eucalyptus_dumosa_329,Eucalyptus_dumosa,E_dumosa
114,Eucalyptus_phenax_subsp_phenax_375,Eucalyptus_phenax,E_phenax
115,Eucalyptus_canescens_subsp_canescens_181,Eucalyptus_canescens,E_canescens
116,Eucalyptus_cretata_271,Eucalyptus_cretata,E_cretata
117,Eucalyptus_merrickiae_CANB_794336,Eucalyptus_merrickiae,E_merrickiae
118,Eucalyptus_ovularis_355,Eucalyptus_ovularis,E_ovularis
119,Eucalyptus_surgens_190,Eucalyptus_surgens,E_surgens
120,Eucalyptus_platycorys_subsp_platycorys_54,Eucalyptus_platycorys,E_platycorys
121,Eucalyptus_deflexa_364,Eucalyptus_deflexa,E_deflexa
122,Eucalyptus_famelica_AHT_E23,Eucalyptus_famelica,E_famelica
123,Eucalyptus_transcontinentalis_188,Eucalyptus_transcontinentalis,E_transcontinentalis
124,Eucalyptus_calcareana_455,Eucalyptus_calcareana,E_calcareana
125,Eucalyptus_griffithsii_15,Eucalyptus_griffithsii,E_griffithsii
126,Eucalyptus_melanoxylon_586,Eucalyptus_melanoxylon,E_melanoxylon
127,Eucalyptus_dolichorhyncha_192,Eucalyptus_dolichorhyncha,E_dolichorhyncha
128,Eucalyptus_retusa_726,Eucalyptus_retusa,E_retusa
129,Eucalyptus_angulosa_383,Eucalyptus_angulosa,E_angulosa
130,Eucalyptus_singularis_AHT_E15,Eucalyptus_singularis,E_singularis
131,Eucalyptus_incrassata_283,Eucalyptus_incrassata,E_incrassata
132,Eucalyptus_stoatei_191,Eucalyptus_stoatei,E_stoatei
133,Eucalyptus_captiosa_CANB_799340,Eucalyptus_captiosa,E_captiosa
134,Eucalyptus_forrestiana_MC_11265,Eucalyptus_forrestiana,E_forrestiana
135,Eucalyptus_lesouefii_38,Eucalyptus_lesouefii,E_lesouefii
136,Eucalyptus_exigua_55,Eucalyptus_exigua,E_exigua
137,Eucalyptus_dundasii_528,Eucalyptus_dundasii,E_dundasii
138,Eucalyptus_rigens_76,Eucalyptus_rigens,E_rigens
139,Eucalyptus_woodwardii_MC_10742,Eucalyptus_woodwardii,E_woodwardii
140,Eucalyptus_aequioperta_23,Eucalyptus_aequioperta,E_aequioperta
141,Eucalyptus_subangusta_subsp_subangusta_24,Eucalyptus_subangusta,E_subangusta
142,Eucalyptus_litorea_341,Eucalyptus_litorea,E_litorea
143,Eucalyptus_rugosa_61,Eucalyptus_rugosa,E_rugosa
144,Eucalyptus_cylindrocarpa_AHT_E8,Eucalyptus_cylindrocarpa,E_cylindrocarpa
145,Eucalyptus_pimpiniana_462,Eucalyptus_pimpiniana,E_pimpiniana
146,Eucalyptus_tetraptera_AHT_E1,Eucalyptus_tetraptera,E_tetraptera
147,Eucalyptus_websteriana_subsp_websteriana_AHT_E3,Eucalyptus_websteriana,E_websteriana
148,Eucalyptus_scyphocalyx_AHT_E7,Eucalyptus_scyphocalyx,E_scyphocalyx
149,Eucalyptus_leptocalyx_subsp_leptocalyx_73,Eucalyptus_leptocalyx,E_leptocalyx
150,Eucalyptus_celastroides_subsp_celastroides_196,Eucalyptus_celastroides,E_celastroides
151,Eucalyptus_prolixa_CANB_536396,Eucalyptus_prolixa,E_prolixa
152,Eucalyptus_calycogona_subsp_calycogona_362,Eucalyptus_calycogona,E_calycogona
153,Eucalyptus_gracilis_202,Eucalyptus_gracilis,E_gracilis
154,Eucalyptus_halophila_CANB_794338,Eucalyptus_halophila,E_halophila
155,Eucalyptus_quadrans_384,Eucalyptus_quadrans,E_quadrans
156,Eucalyptus_oraria_28,Eucalyptus_oraria,E_oraria
157,Eucalyptus_beardiana_CANB_632554,Eucalyptus_beardiana,E_beardiana
158,Eucalyptus_absita_354,Eucalyptus_absita,E_absita
159,Eucalyptus_cuprea_437,Eucalyptus_cuprea,E_cuprea
160,Eucalyptus_petraea_63,Eucalyptus_petraea,E_petraea
161,Eucalyptus_lucasii_MC_11098,Eucalyptus_lucasii,E_lucasii
162,Eucalyptus_ceratocorys_519,Eucalyptus_ceratocorys,E_ceratocorys
163,Eucalyptus_capillosa_469,Eucalyptus_capillosa,E_capillosa
164,Eucalyptus_whitei_513,Eucalyptus_whitei,E_whitei
165,Eucalyptus_conferruminata_subsp_recherche_114,Eucalyptus_conferruminata,E_conferruminata
166,Eucalyptus_lehmanii_subsp_lehmanii_531,NA,NA
167,Eucalyptus_concinna_457,Eucalyptus_concinna,E_concinna
168,Eucalyptus_percostata_281,Eucalyptus_percostata,E_percostata
169,Eucalyptus_baueriana_160,Eucalyptus_baueriana,E_baueriana
170,Eucalyptus_behriana_646,Eucalyptus_behriana,E_behriana
171,Eucalyptus_porosa_MC_10664,Eucalyptus_porosa,E_porosa
172,Eucalyptus_lansdowneana_652,Eucalyptus_lansdowneana,E_lansdowneana
173,Eucalyptus_petiolaris_ANBG_8317297,Eucalyptus_petiolaris,E_petiolaris
174,Eucalyptus_paniculata_749,Eucalyptus_paniculata,E_paniculata
175,Eucalyptus_siderophloia_ANBG_7906137,Eucalyptus_siderophloia,E_siderophloia
176,Eucalyptus_largeana_CANB_470581,Eucalyptus_largeana,E_largeana
177,Eucalyptus_melliodora_ANBG_662272,Eucalyptus_melliodora,E_melliodora
178,Eucalyptus_leucoxylon_subsp_leucoxylon_716,Eucalyptus_leucoxylon,E_leucoxylon
179,Eucalyptus_tricarpa_8701791,Eucalyptus_tricarpa,E_tricarpa
180,Eucalyptus_bosistoana_671,Eucalyptus_bosistoana,E_bosistoana
181,Eucalyptus_cladocalyx_ANBG_652722,Eucalyptus_cladocalyx,E_cladocalyx
182,Eucalyptus_froggattii_479,Eucalyptus_froggattii,E_froggattii
183,Eucalyptus_paedoglauca_625,Eucalyptus_paedoglauca,E_paedoglauca
184,Eucalyptus_melanophloia_subsp_melanophloia_207,Eucalyptus_melanophloia,E_melanophloia
185,Eucalyptus_obconica_CANB_644802,Eucalyptus_obconica,E_obconica
186,Eucalyptus_koolpinensis_CANB_454611,Eucalyptus_koolpinensis,E_koolpinensis
187,Eucalyptus_oligantha_MC_10571,Eucalyptus_oligantha,E_oligantha
188,Eucalyptus_persistens_subsp_tardecidens_AHT_E2,Eucalyptus_persistens,E_persistens
189,Eucalyptus_leptophleba_CANB_597951,Eucalyptus_leptophleba,E_leptophleba
190,Eucalyptus_ophitica_607,Eucalyptus_ophitica,E_ophitica
191,Eucalyptus_brevifolia_CANB_785488,Eucalyptus_brevifolia,E_brevifolia
192,Eucalyptus_wubinensis_50,Eucalyptus_wubinensis,E_wubinensis
193,Eucalyptus_microtheca_MC_10519,Eucalyptus_microtheca,E_microtheca
194,Eucalyptus_castrensis_ANBG_653995,Eucalyptus_castrensis,E_castrensis
195,Eucalyptus_sideroxylon_750609,Eucalyptus_sideroxylon,E_sideroxylon
196,Eucalyptus_microcarpa_475,Eucalyptus_microcarpa,E_microcarpa
197,Eucalyptus_polybractea_760,Eucalyptus_polybractea,E_polybractea
198,Eucalyptus_normantonensis_340,Eucalyptus_normantonensis,E_normantonensis
199,Eucalyptus_pilligaensis_768,NA,NA
200,Eucalyptus_fusiformis_8604718,Eucalyptus_fusiformis,E_fusiformis
201,Eucalyptus_largiflorens_CANB_785604,Eucalyptus_largiflorens,E_largiflorens
202,Eucalyptus_moluccana_50761,Eucalyptus_moluccana,E_moluccana
203,Eucalyptus_beyeriana_163,Eucalyptus_beyeriana,E_beyeriana
204,Eucalyptus_raveretiana_685,Eucalyptus_raveretiana,E_raveretiana
205,Eucalyptus_tectifica_CANB_785474,Eucalyptus_tectifica,E_tectifica
206,Eucalyptus_coolabah_MC_10582,Eucalyptus_coolabah,E_coolabah
207,Eucalyptus_limitaris_CANB_785552,Eucalyptus_limitaris,E_limitaris
208,Eucalyptus_chlorophylla_CANB_785565,Eucalyptus_chlorophylla,E_chlorophylla
209,Eucalyptus_fasciculosa_289,Eucalyptus_fasciculosa,E_fasciculosa
210,Eucalyptus_polyanthemos_subsp_polyanthemos_659,Eucalyptus_polyanthemos,E_polyanthemos
211,Eucalyptus_argophloia_773,Eucalyptus_argophloia,E_argophloia
212,Eucalyptus_exilipes_CANB_582959,Eucalyptus_exilipes,E_exilipes
213,Eucalyptus_ancophila_Mt_Annan_841467,Eucalyptus_ancophila,E_ancophilatnnan
214,Eucalyptus_albens_661,Eucalyptus_albens,E_albens
215,Eucalyptus_virens_598,Eucalyptus_virens,E_virens
216,Eucalyptus_fergusonii_subsp_fergusonii_740,Eucalyptus_fergusonii,E_fergusonii
217,Eucalyptus_quadricostata_8603516,Eucalyptus_quadricostata,E_quadricostata
218,Eucalyptus_atrata_8603434,Eucalyptus_atrata,E_atrata
219,Eucalyptus_beaniana_CANB_842071,Eucalyptus_beaniana,E_beaniana
220,Eucalyptus_conica_AHT_E9,Eucalyptus_conica,E_conica
221,Eucalyptus_dawsonii_762,Eucalyptus_dawsonii,E_dawsonii
222,Eucalyptus_tholiformis_AHT_E13,Eucalyptus_tholiformis,E_tholiformis
223,Eucalyptus_orgadophila_AHT_E10,Eucalyptus_orgadophila,E_orgadophila
224,Eucalyptus_sicilifolia_8603421,Eucalyptus_sicilifolia,E_sicilifolia
225,Eucalyptus_distans_CANB_409167,Eucalyptus_distans,E_distans
226,Eucalyptus_howittiana_496,Eucalyptus_howittiana,E_howittiana
227,Eucalyptus_pruinosa_subsp_pruinosa_Mt_Annan_841760,Eucalyptus_pruinosa,E_pruinosa
228,Eucalyptus_populnea_MC_10633,Eucalyptus_populnea,E_populnea
229,Eucalyptus_viridis_767,Eucalyptus_viridis,E_viridis
230,Eucalyptus_rudderi_614,Eucalyptus_rudderi,E_rudderi
231,Eucalyptus_placita_AHT_E25,Eucalyptus_placita,E_placita
232,Eucalyptus_thozetiana_MC_10632,Eucalyptus_thozetiana,E_thozetiana
233,Eucalyptus_obesa_70,Eucalyptus_obesa,E_obesa
234,Eucalyptus_magnificata_672,Eucalyptus_magnificata,E_magnificata
235,Eucalyptus_intertexta_204,Eucalyptus_intertexta,E_intertexta
236,Eucalyptus_ochrophloia_CANB_785600,Eucalyptus_ochrophloia,E_ochrophloia
237,Eucalyptus_granitica_Mt_Annan_831413,Eucalyptus_granitica,E_graniticatnnan
238,Eucalyptus_lucens_526,Eucalyptus_lucens,E_lucens
239,Eucalyptus_farinosa_CANB_738929,Eucalyptus_farinosa,E_farinosa
240,Eucalyptus_patellaris_CANB_558538,Eucalyptus_patellaris,E_patellaris
241,Eucalyptus_decorticans_73445,Eucalyptus_decorticans,E_decorticans
242,Eucalyptus_dura_775,Eucalyptus_dura,E_dura
243,Eucalyptus_melanoleuca_605,Eucalyptus_melanoleuca,E_melanoleuca
244,Eucalyptus_panda_228,Eucalyptus_panda,E_panda
245,Eucalyptus_decolor_486,Eucalyptus_decolor,E_decolor
246,Eucalyptus_rhombica_596,Eucalyptus_rhombica,E_rhombica
247,Eucalyptus_acroleuca_CANB_593424,Eucalyptus_acroleuca,E_acroleuca
248,Eucalyptus_fibrosa_subsp_fibrosa_631932,Eucalyptus_fibrosa,E_fibrosa
249,Eucalyptus_tetrapleura_746,Eucalyptus_tetrapleura,E_tetrapleura
250,Eucalyptus_crebra_ANBG_732903,Eucalyptus_crebra,E_crebra
251,Eucalyptus_scopulorum_670,Eucalyptus_scopulorum,E_scopulorum
252,Eucalyptus_caleyi_subsp_caleyi_651,Eucalyptus_caleyi,E_caleyi
253,Eucalyptus_rummeryi_735,Eucalyptus_rummeryi,E_rummeryi
254,Eucalyptus_confluens_CANB_785543,Eucalyptus_confluens,E_confluens
255,Eucalyptus_sparsa_AHT_E24,Eucalyptus_sparsa,E_sparsa
256,Eucalyptus_argillacea_CANB_785537,Eucalyptus_argillacea,E_argillacea
257,Eucalyptus_tephrodes_385,Eucalyptus_tephrodes,E_tephrodes
258,Eucalyptus_xerothermica_183,Eucalyptus_xerothermica,E_xerothermica
259,Eucalyptus_victrix_327,Eucalyptus_victrix,E_victrix
260,Eucalyptus_rodwayi_62705,Eucalyptus_rodwayi,E_rodwayi
261,Eucalyptus_wilcoxii_168,Eucalyptus_wilcoxii,E_wilcoxii
262,Eucalyptus_alligatrix_subsp_alligatrix_167,Eucalyptus_alligatrix,E_alligatrix
263,Eucalyptus_ignorabilis_379,Eucalyptus_ignorabilis,E_ignorabilis
264,Eucalyptus_nitens_ANBG_651034,Eucalyptus_nitens,E_nitens
265,Eucalyptus_vernicosa_ANBG_no_sn,Eucalyptus_vernicosa,E_vernicosa
266,Eucalyptus_perriniana_742,Eucalyptus_perriniana,E_perriniana
267,Eucalyptus_recurva_ANBG,Eucalyptus_recurva,E_recurva
268,Eucalyptus_saxatilis_7906246,Eucalyptus_saxatilis,E_saxatilis
269,Eucalyptus_parvula_164,Eucalyptus_parvula,E_parvula
270,Eucalyptus_quinniorum_9707932,Eucalyptus_quinniorum,E_quinniorum
271,Eucalyptus_brookeriana_subsp_brookeriana_617,Eucalyptus_brookeriana,E_brookeriana
272,Eucalyptus_pulverulenta_684,Eucalyptus_pulverulenta,E_pulverulenta
273,Eucalyptus_badjensis_166,Eucalyptus_badjensis,E_badjensis
274,Eucalyptus_benthamii_423,Eucalyptus_benthamii,E_benthamii
275,Eucalyptus_cinerea_subsp_triplex_8703938,Eucalyptus_cinerea,E_cinerea
276,Eucalyptus_cephalocarpa_178,Eucalyptus_cephalocarpa,E_cephalocarpa
277,Eucalyptus_brunnea_619,NA,NA
278,Eucalyptus_fulgens_9707943,Eucalyptus_fulgens,E_fulgens
279,Eucalyptus_glaucescens_218,Eucalyptus_glaucescens,E_glaucescens
280,Eucalyptus_denticulata_378,Eucalyptus_denticulata,E_denticulata
281,Eucalyptus_nicholii_209,Eucalyptus_nicholii,E_nicholii
282,Eucalyptus_macarthurii_ANBG_no_sn,Eucalyptus_macarthurii,E_macarthurii
283,Eucalyptus_mannifera_subsp_mannifera_610,Eucalyptus_mannifera,E_mannifera
284,Eucalyptus_dalrympleana_subsp_dalrympleana_ANBG_7804378,Eucalyptus_dalrympleana,E_dalrympleana
285,Eucalyptus_gunnii_ANBG_656505,Eucalyptus_gunnii,E_gunnii
286,Eucalyptus_elaeophloia_372,Eucalyptus_elaeophloia,E_elaeophloia
287,Eucalyptus_viminalis_subsp_viminalis_615,Eucalyptus_viminalis,E_viminalis
288,Eucalyptus_goniocalyx_subsp_goniocalyx_669,Eucalyptus_goniocalyx,E_goniocalyx
289,Eucalyptus_nortonii_664,Eucalyptus_nortonii,E_nortonii
290,Eucalyptus_splendens_subsp_splendens_303,Eucalyptus_splendens,E_splendens
291,Eucalyptus_kartzoffiana_152,Eucalyptus_kartzoffiana,E_kartzoffiana
292,Eucalyptus_strzeleckii_subsp_strzeleckii_162,Eucalyptus_strzeleckii,E_strzeleckii
293,Eucalyptus_nova_anglica_244,NA,NA
294,Eucalyptus_smithii_217,Eucalyptus_smithii,E_smithii
295,Eucalyptus_yarraensis_8005851,Eucalyptus_yarraensis,E_yarraensis
296,Eucalyptus_conspicua_113,Eucalyptus_conspicua,E_conspicua
297,Eucalyptus_ovata_var_ovata_ANBG_475702,Eucalyptus_ovata,E_ovata var ovata
298,Eucalyptus_aromaphloia_subsp_aromaphloia_CANB_564611,Eucalyptus_aromaphloia,E_aromaphloia
299,Eucalyptus_rubida_subsp_rubida_ANBG_732895,Eucalyptus_rubida,E_rubida
300,Eucalyptus_acaciiformis_214,Eucalyptus_acaciiformis,E_acaciiformis
301,Eucalyptus_cadens_285,Eucalyptus_cadens,E_cadens
302,Eucalyptus_nobilis_246,Eucalyptus_nobilis,E_nobilis
303,Eucalyptus_longifolia,Eucalyptus_longifolia,E_longifolia
304,Eucalyptus_elliptica_69616,Eucalyptus_elliptica,E_elliptica
305,Eucalyptus_scoparia_ANBG_501278,Eucalyptus_scoparia,E_scoparia
306,Eucalyptus_alaticaulis_371,Eucalyptus_alaticaulis,E_alaticaulis
307,Eucalyptus_cypellocarpa_665,Eucalyptus_cypellocarpa,E_cypellocarpa
308,Eucalyptus_sturgissiana_376,Eucalyptus_sturgissiana,E_sturgissiana
309,Eucalyptus_imlayensis_ANBG_782689,Eucalyptus_imlayensis,E_imlayensis
310,Eucalyptus_canobolensis_497,Eucalyptus_canobolensis,E_canobolensis
311,Eucalyptus_corticosa_ANBG_54339,Eucalyptus_corticosa,E_corticosa
312,Eucalyptus_baeuerlenii_7810671,Eucalyptus_baeuerlenii,E_baeuerlenii
313,Eucalyptus_microneura_8603418,Eucalyptus_microneura,E_microneura
314,Eucalyptus_kitsoniana_110,Eucalyptus_kitsoniana,E_kitsoniana
315,Eucalyptus_cordata_ANBG_8804430,Eucalyptus_cordata,E_cordata
316,Eucalyptus_barberi_600,Eucalyptus_barberi,E_barberi
317,Eucalyptus_globulus_subsp_globulus_ANBG_85001816,Eucalyptus_globulus,E_globulus
318,Eucalyptus_dunnii_691,Eucalyptus_dunnii,E_dunnii
319,Eucalyptus_retinens_259,Eucalyptus_retinens,E_retinens
320,Eucalyptus_malacoxylon_576,Eucalyptus_malacoxylon,E_malacoxylon
321,Eucalyptus_bridgesiana_257,Eucalyptus_bridgesiana,E_bridgesiana
322,Eucalyptus_angophoroides_158,Eucalyptus_angophoroides,E_angophoroides
323,Eucalyptus_camphora_subsp_camphora_621,Eucalyptus_camphora,E_camphora
324,Eucalyptus_crenulata_307,Eucalyptus_crenulata,E_crenulata
325,Eucalyptus_deanei_623,Eucalyptus_deanei,E_deanei
326,Eucalyptus_morrisbyi_618,Eucalyptus_morrisbyi,E_morrisbyi
327,Eucalyptus_quadrangulata_234,Eucalyptus_quadrangulata,E_quadrangulata
328,Eucalyptus_botryoides_304,Eucalyptus_botryoides,E_botryoides
329,Eucalyptus_neglecta_72027,Eucalyptus_neglecta,E_neglecta
330,Eucalyptus_propinqua_696,Eucalyptus_propinqua,E_propinqua
331,Eucalyptus_grandis,Eucalyptus_grandis,E_grandis
332,Eucalyptus_resinifera_subsp_resinifera_750,Eucalyptus_resinifera,E_resinifera
333,Eucalyptus_saligna_737,Eucalyptus_saligna,E_saligna
334,Eucalyptus_pellita_ANBG_8413520,Eucalyptus_pellita,E_pellita
335,Eucalyptus_gregoriensis_503,NA,NA
336,Eucalyptus_scias_subsp_scias_745,Eucalyptus_scias,E_scias
337,Eucalyptus_canaliculata_698,Eucalyptus_canaliculata,E_canaliculata
338,Eucalyptus_longirostrata_649,Eucalyptus_longirostrata,E_longirostrata
339,Eucalyptus_prava_220,Eucalyptus_prava,E_prava
340,Eucalyptus_seeana_630,Eucalyptus_seeana,E_seeana
341,Eucalyptus_hallii,Eucalyptus_hallii,E_hallii
342,Eucalyptus_disclusa_232,NA,NA
343,Eucalyptus_leucophloia_subsp_euroa_500,Eucalyptus_leucophloia,E_leucophloia
344,Eucalyptus_parramattensis_subsp_parramattensis_161,Eucalyptus_parramattensis,E_parramattensis
345,Eucalyptus_michaeliana_258,Eucalyptus_michaeliana,E_michaeliana
346,Eucalyptus_major_602,Eucalyptus_major,E_major
347,Eucalyptus_dealbata_212,Eucalyptus_dealbata,E_dealbata
348,Eucalyptus_nanderwairca_9707924,NA,NA
349,Eucalyptus_lockyeri,Eucalyptus_lockyeri,E_lockyeri
350,Eucalyptus_aggregata_580,Eucalyptus_aggregata,E_aggregata
351,Eucalyptus_interstans_256,Eucalyptus_interstans,E_interstans
352,Eucalyptus_gillenii_720,Eucalyptus_gillenii,E_gillenii
353,Eucalyptus_blakelyi_211,Eucalyptus_blakelyi,E_blakelyi
354,Eucalyptus_infera_570,Eucalyptus_infera,E_infera
355,Eucalyptus_flindersii_AHT_E6,Eucalyptus_flindersii,E_flindersii
356,Eucalyptus_tereticornis_subsp_tereticornis_769,Eucalyptus_tereticornis,E_tereticornis
357,Eucalyptus_glaucina_626,Eucalyptus_glaucina,E_glaucina
358,Eucalyptus_nudicaulis_703,Eucalyptus_nudicaulis,E_nudicaulis
359,Eucalyptus_dwyeri_9406593,Eucalyptus_dwyeri,E_dwyeri
360,Eucalyptus_morrisii_206,Eucalyptus_morrisii,E_morrisii
361,Eucalyptus_vicina,Eucalyptus_vicina,E_vicina
362,Eucalyptus_camaldulensis_subsp_camaldulensis_ANBG_8401853,Eucalyptus_camaldulensis,E_camaldulensis
363,Eucalyptus_amplifolia_subsp_amplifolia_225,Eucalyptus_amplifolia,E_amplifolia
364,Eucalyptus_brassiana_CANB_598285,Eucalyptus_brassiana,E_brassiana
365,Eucalyptus_wetarensis,NA,NA
366,Eucalyptus_houseana_MC_10570,Eucalyptus_houseana,E_houseana
367,Eucalyptus_platyphylla,Eucalyptus_platyphylla,E_platyphylla
368,Eucalyptus_alba,Eucalyptus_alba,E_alba
369,Eucalyptus_mooreana_CANB_750218,Eucalyptus_mooreana,E_mooreana
370,Eucalyptus_apodophylla_subsp_provecta_CANB_7855329,Eucalyptus_apodophylla,E_apodophylla
371,Eucalyptus_herbertiana_CANB_785524,Eucalyptus_herbertiana,E_herbertiana
372,Eucalyptus_cupularis_CANB_785563,Eucalyptus_cupularis,E_cupularis
373,Eucalyptus_rudis_351,Eucalyptus_rudis,E_rudis
374,Eucalyptus_tintinnans_CANB_557752,Eucalyptus_tintinnans,E_tintinnans
375,Eucalyptus_grisea_690,Eucalyptus_grisea,E_grisea
376,Eucalyptus_pumila_227,Eucalyptus_pumila,E_pumila
377,Eucalyptus_paludicola_ANBG_496820,Eucalyptus_paludicola,E_paludicola
378,Eucalyptus_cosmophylla_ANBG_8409259,Eucalyptus_cosmophylla,E_cosmophylla
379,Eucalyptus_deglupta_BG_859,Eucalyptus_deglupta,NA
380,Eucalyptus_brachyandra_MC_10534,Eucalyptus_brachyandra,E_brachyandra
381,Eucalyptus_foecunda_320,Eucalyptus_foecunda,E_foecunda
382,Eucalyptus_fruticosa_30,Eucalyptus_fruticosa,E_fruticosa
383,Eucalyptus_formanii_AHT_E26,Eucalyptus_formanii,E_formanii
384,Eucalyptus_albida_46,Eucalyptus_albida,E_albida
385,Eucalyptus_wandoo_subsp_wandoo_21,Eucalyptus_wandoo,E_wandoo
386,Eucalyptus_latens_292,Eucalyptus_latens,E_latens
387,Eucalyptus_uncinata_subsp_uncinata_91,Eucalyptus_uncinata,E_uncinata
388,Eucalyptus_salicola_32,Eucalyptus_salicola,E_salicola
389,Eucalyptus_arborella_361,Eucalyptus_arborella,E_arborella
390,Eucalyptus_horistes_353,Eucalyptus_horistes,E_horistes
391,Eucalyptus_rigidula_201,Eucalyptus_rigidula,E_rigidula
392,Eucalyptus_discreta_333,Eucalyptus_discreta,E_discreta
393,Eucalyptus_plauta_35,NA,NA
394,Eucalyptus_orthostemon_446,Eucalyptus_orthostemon,E_orthostemon
395,Eucalyptus_olivina_44,Eucalyptus_olivina,E_olivina
396,Eucalyptus_leptophylla_200,Eucalyptus_leptophylla,E_leptophylla
397,Eucalyptus_dissimulata_89,Eucalyptus_dissimulata,E_dissimulata
398,Eucalyptus_perangusta_51,Eucalyptus_perangusta,E_perangusta
399,Eucalyptus_minigwalica_184,NA,NA
400,Eucalyptus_kumarlensis_587,Eucalyptus_kumarlensis,E_kumarlensis
401,Eucalyptus_aspersa_297,Eucalyptus_aspersa,E_aspersa
402,Eucalyptus_brockwayi_474,Eucalyptus_brockwayi,E_brockwayi
403,Eucalyptus_urophylla_CANB_180346,NA,NA
404,Eucalyptus_kessellii_subsp_kessellii_343,Eucalyptus_kessellii,E_kessellii
405,Eucalyptus_cooperiana_293,Eucalyptus_cooperiana,E_cooperiana
406,Eucalyptus_yalatensis_460,Eucalyptus_yalatensis,E_yalatensis
407,Eucalyptus_eremicola_subsp_eremicola_542,Eucalyptus_eremicola,E_eremicola
408,Eucalyptus_socialis_subsp_socialis_276,Eucalyptus_socialis,E_socialis
409,Eucalyptus_gillii_459,Eucalyptus_gillii,E_gillii
410,Eucalyptus_optima_708,Eucalyptus_optima,E_optima
411,Eucalyptus_yumbarrana_262,Eucalyptus_yumbarrana,E_yumbarrana
412,Eucalyptus_flocktoniae_subsp_flocktoniae_288,Eucalyptus_flocktoniae,E_flocktoniae
413,Eucalyptus_vokesensis_453,Eucalyptus_vokesensis,E_vokesensis
414,Eucalyptus_wyolensis_699,Eucalyptus_wyolensis,E_wyolensis
415,Eucalyptus_hypolaena_525,Eucalyptus_hypolaena,E_hypolaena
416,Eucalyptus_indurata_81,Eucalyptus_indurata,E_indurata
417,Eucalyptus_neutra_284,Eucalyptus_neutra,E_neutra
418,Eucalyptus_urna_270,Eucalyptus_urna,E_urna
419,Eucalyptus_luculenta_705,Eucalyptus_luculenta,E_luculenta
420,Eucalyptus_micranthera_334,Eucalyptus_micranthera,E_micranthera
421,Eucalyptus_oleosa_subsp_oleosa_58,Eucalyptus_oleosa,E_oleosa
422,Eucalyptus_argyphea_59,NA,NA
423,Eucalyptus_ornata_583,Eucalyptus_ornata,E_ornata
424,Eucalyptus_petrensis_456210,Eucalyptus_petrensis,E_petrensis
425,Eucalyptus_goniantha_subsp_goniantha_286,Eucalyptus_goniantha,E_goniantha
426,Eucalyptus_falcata_CANB_630597,Eucalyptus_falcata,E_falcata
427,Eucalyptus_purpurata_83,Eucalyptus_purpurata,E_purpurata
428,Eucalyptus_delicata_514,Eucalyptus_delicata,E_delicata
429,Eucalyptus_balladoniensis_subsp_balladoniensis_CANB_586833,Eucalyptus_balladoniensis,E_balladoniensis
430,Eucalyptus_microschema_CANB_635056,Eucalyptus_microschema,E_microschema
431,Eucalyptus_longicornis_491,Eucalyptus_longicornis,E_longicornis
432,Eucalyptus_salmonophloia_CANB_564460,Eucalyptus_salmonophloia,E_salmonophloia
433,Eucalyptus_foliosa_CANB_794339,Eucalyptus_foliosa,E_foliosa
434,Eucalyptus_moderata_274,Eucalyptus_moderata,E_moderata
435,Eucalyptus_misella_CANB_794329,Eucalyptus_misella,E_misella
436,Eucalyptus_quaerenda_CANB_794294,Eucalyptus_quaerenda,E_quaerenda
437,Eucalyptus_angustissima_CANB_794337,Eucalyptus_angustissima,E_angustissima
438,Eucalyptus_jutsonii_subsp_jutsonii_187,Eucalyptus_jutsonii,E_jutsonii
439,Eucalyptus_mannensis_subsp_vespertina_321,Eucalyptus_mannensis,E_mannensis
440,Eucalyptus_ultima_697,Eucalyptus_ultima,E_ultima
441,Eucalyptus_dolichocera_710,Eucalyptus_dolichocera,E_dolichocera
442,Eucalyptus_kochii_subsp_kochii_657,Eucalyptus_kochii,E_kochii
443,Eucalyptus_recta_751,Eucalyptus_recta,E_recta
444,Eucalyptus_rugulata_42,Eucalyptus_rugulata,E_rugulata
445,Eucalyptus_balanopelex_AHT_E22,NA,NA
446,Eucalyptus_communalis_502,Eucalyptus_communalis,E_communalis
447,Eucalyptus_decipiens_subsp_decipens_72,Eucalyptus_decipiens,E_decipiens
448,Eucalyptus_balanites_CANB_687715,NA,NA
449,Eucalyptus_diversicolor_ANBG_7901541,Eucalyptus_diversicolor,E_diversicolor
450,Eucalyptus_bakeri_567,Eucalyptus_bakeri,E_bakeri
451,Eucalyptus_cneorifolia_195,Eucalyptus_cneorifolia,E_cneorifolia
452,Eucalyptus_subcrenulata_9702884,Eucalyptus_subcrenulata,E_subcrenulata
453,Eucalyptus_kingsmillii_subsp_kingsmillii_Mt_Annan_866008,Eucalyptus_kingsmillii,E_kingsmillii
454,Eucalyptus_pachyphylla_ANBG_8503938,Eucalyptus_pachyphylla,E_pachyphylla
455,Eucalyptus_rameliana_648,Eucalyptus_rameliana,E_rameliana
456,Eucalyptus_minniritchi_263,Eucalyptus_minniritchi,E_minniritchi
457,Eucalyptus_sessilis_549,Eucalyptus_sessilis,E_sessilis
458,Eucalyptus_rosacea_645,Eucalyptus_rosacea,E_rosacea
459,Eucalyptus_burracoppinensis_CANB_794037,Eucalyptus_burracoppinensis,E_burracoppinensis
460,Eucalyptus_macrocarpa_subsp_macrocarpa_60,Eucalyptus_macrocarpa,E_macrocarpa
461,Eucalyptus_impensa_643,Eucalyptus_impensa,E_impensa
462,Eucalyptus_rhodantha_374,Eucalyptus_rhodantha,E_rhodantha
463,Eucalyptus_drummondii_subsp_drummondii_352,Eucalyptus_drummondii,E_drummondii
464,Eucalyptus_orbifolia_472,Eucalyptus_orbifolia,E_orbifolia
465,Eucalyptus_carnabyi_CANB_632591,NA,NA
466,Eucalyptus_crucis_subsp_crucis_45,Eucalyptus_crucis,E_crucis
467,Eucalyptus_ewartiana_463,Eucalyptus_ewartiana,E_ewartiana
468,Eucalyptus_oldfieldii_MC_10775,Eucalyptus_oldfieldii,E_oldfieldii
469,Eucalyptus_caesia_subsp_caesia_52,Eucalyptus_caesia,E_caesia
470,Eucalyptus_leptopoda_subsp_leptopoda_CANB_519232,Eucalyptus_leptopoda,E_leptopoda
471,Eucalyptus_synandra_CANB_794049,Eucalyptus_synandra,E_synandra
472,Eucalyptus_educta_CANB_461013,Eucalyptus_educta,E_educta
473,Eucalyptus_pyriformis_268,Eucalyptus_pyriformis,E_pyriformis
474,Eucalyptus_lanepoolei_434,NA,NA
475,Eucalyptus_oxymitra_278,Eucalyptus_oxymitra,E_oxymitra
476,Eucalyptus_glomerosa_538,Eucalyptus_glomerosa,E_glomerosa
477,Eucalyptus_youngiana_198,Eucalyptus_youngiana,E_youngiana
478,Eucalyptus_rhomboidea_476,Eucalyptus_rhomboidea,E_rhomboidea
479,Eucalyptus_pachycalyx_subsp_pachycalyx_305,Eucalyptus_pachycalyx,E_pachycalyx
480,Eucalyptus_squamosa_629,Eucalyptus_squamosa,E_squamosa
481,Eucalyptus_decurva_MC_10965,Eucalyptus_decurva,E_decurva
482,Eucalyptus_dorotoxylon_719,NA,NA
483,Eucalyptus_guilfoylei_MC_10953,Eucalyptus_guilfoylei,E_guilfoylei
484,Eucalyptus_microcorys_ANBG_491154,Eucalyptus_microcorys,E_microcorys
485,Eucalyptus_dives_ANBG_7809979,Eucalyptus_dives,E_dives
486,Eucalyptus_obliqua_Royal_Canberra_Golf_AHT21,Eucalyptus_obliqua,E_obliquaoyalanberraolf
487,Eucalyptus_gregsoniana_157,Eucalyptus_gregsoniana,E_gregsoniana
488,Eucalyptus_kybeanensis_AHT_E19,Eucalyptus_kybeanensis,E_kybeanensis
489,Eucalyptus_paliformis_CANB_460597,Eucalyptus_paliformis,E_paliformis
490,Eucalyptus_stellulata_9102880,Eucalyptus_stellulata,E_stellulata
491,Eucalyptus_stricta_309,Eucalyptus_stricta,E_stricta
492,Eucalyptus_moorei_subsp_moorei_9600762,Eucalyptus_moorei,E_moorei
493,Eucalyptus_laevopinea_245,Eucalyptus_laevopinea,E_laevopinea
494,Eucalyptus_youmanii_73091,Eucalyptus_youmanii,E_youmanii
495,Eucalyptus_olida_738,Eucalyptus_olida,E_olida
496,Eucalyptus_approximans_subsp_codonocarpa_69702,Eucalyptus_approximans,E_approximans
497,Eucalyptus_mckieana_248,Eucalyptus_mckieana,E_mckieana
498,Eucalyptus_caliginosa_298,Eucalyptus_caliginosa,E_caliginosa
499,Eucalyptus_macrorhyncha_subsp_macrorhyncha_761,Eucalyptus_macrorhyncha,E_macrorhyncha
500,Eucalyptus_deuaensis_151,Eucalyptus_deuaensis,E_deuaensis
501,Eucalyptus_consideniana_219,Eucalyptus_consideniana,E_consideniana
502,Eucalyptus_piperita_subsp_piperita_ANBG_8411654,Eucalyptus_piperita,E_piperita
503,Eucalyptus_luehmanniana_8300316,Eucalyptus_luehmanniana,E_luehmanniana
504,Eucalyptus_pilularis_482,Eucalyptus_pilularis,E_pilularis
505,Eucalyptus_pyrocarpa_630205,Eucalyptus_pyrocarpa,E_pyrocarpa
506,Eucalyptus_andrewsii_subsp_andrewsii_8410679,Eucalyptus_andrewsii,E_andrewsii
507,Eucalyptus_boliviana_518876,Eucalyptus_boliviana,E_boliviana
508,Eucalyptus_agglomerata_673,Eucalyptus_agglomerata,E_agglomerata
509,Eucalyptus_williamsiana_261,Eucalyptus_williamsiana,E_williamsiana
510,Eucalyptus_capitellata_260,Eucalyptus_capitellata,E_capitellata
511,Eucalyptus_ralla_250,NA,NA
512,Eucalyptus_apiculata_613,Eucalyptus_apiculata,E_apiculata
513,Eucalyptus_tenella_763,Eucalyptus_tenella,E_tenella
514,Eucalyptus_blaxlandii_8001329,Eucalyptus_blaxlandii,E_blaxlandii
515,Eucalyptus_ligustrina_736,Eucalyptus_ligustrina,E_ligustrina
516,Eucalyptus_bensonii_Mt_Annan_830911,Eucalyptus_bensonii,E_bensoniitnnan
517,Eucalyptus_eugenioides_578,Eucalyptus_eugenioides,E_eugenioides
518,Eucalyptus_haemastoma_Mt_Annan_20051000,Eucalyptus_haemastoma,E_haemastomatnnan
519,Eucalyptus_baxteri_8701806,Eucalyptus_baxteri,E_baxteri
520,Eucalyptus_globoidea_729,Eucalyptus_globoidea,E_globoidea
521,Eucalyptus_muelleriana_159,Eucalyptus_muelleriana,E_muelleriana
522,Eucalyptus_mackintii_308,Eucalyptus_mackintii,E_mackintii
523,Eucalyptus_multicaulis_761635,Eucalyptus_multicaulis,E_multicaulis
524,Eucalyptus_triflora_ANBG_763500,Eucalyptus_triflora,E_triflora
525,Eucalyptus_langleyi_8801319,Eucalyptus_langleyi,E_langleyi
526,Eucalyptus_croajingolensis_156,Eucalyptus_croajingolensis,E_croajingolensis
527,Eucalyptus_willisii_subsp_willisii_CANB_468525,Eucalyptus_willisii,E_willisii
528,Eucalyptus_sieberi_ANBG_8411661,Eucalyptus_sieberi,E_sieberi
529,Eucalyptus_mitchelliana_635,Eucalyptus_mitchelliana,E_mitchelliana
530,Eucalyptus_cunninghamii_9806132,Eucalyptus_cunninghamii,E_cunninghamii
531,Eucalyptus_fastigata_8603812,Eucalyptus_fastigata,E_fastigata
532,Eucalyptus_burgessiana_ANBG_no_sn,Eucalyptus_burgessiana,E_burgessiana
533,Eucalyptus_fraxinoides_751650,Eucalyptus_fraxinoides,E_fraxinoides
534,Eucalyptus_oreades_747,Eucalyptus_oreades,E_oreades
535,Eucalyptus_pauciflora_subsp_pauciflora_ANBG_9303293,Eucalyptus_pauciflora,E_pauciflora
536,Eucalyptus_radiata_subsp_radiata_732,Eucalyptus_radiata,E_radiata
537,Eucalyptus_elata_ANBG_73059,Eucalyptus_elata,E_elata
538,Eucalyptus_lacrimans_251,Eucalyptus_lacrimans,E_lacrimans
539,Eucalyptus_olsenii_762144,Eucalyptus_olsenii,E_olsenii
540,Eucalyptus_serraensis_MC_10646,Eucalyptus_serraensis,E_serraensis
541,Eucalyptus_verrucata_715,Eucalyptus_verrucata,E_verrucata
542,Eucalyptus_victoriana_712,Eucalyptus_victoriana,E_victoriana
543,Eucalyptus_racemosa_732766,Eucalyptus_racemosa,E_racemosa
544,Eucalyptus_stenostoma_733,Eucalyptus_stenostoma,E_stenostoma
545,Eucalyptus_remota_ANBG_9807783,Eucalyptus_remota,E_remota
546,Eucalyptus_tindaliae_ANBG_69620,Eucalyptus_tindaliae,E_tindaliae
547,Eucalyptus_regnans_ANBG_8501815,Eucalyptus_regnans,E_regnans
548,Eucalyptus_tenuiramis_CANB_692639,Eucalyptus_tenuiramis,E_tenuiramis
549,Eucalyptus_nitida_744,Eucalyptus_nitida,E_nitida
550,Eucalyptus_conglomerata,Eucalyptus_conglomerata,E_conglomerata
551,Eucalyptus_arenacea_MC_10652,Eucalyptus_arenacea,E_arenacea
552,Eucalyptus_risdonii_620,Eucalyptus_risdonii,E_risdonii
553,Eucalyptus_pulchella_612,Eucalyptus_pulchella,E_pulchella
554,Eucalyptus_amygdalina_CANB_481986,Eucalyptus_amygdalina,E_amygdalina
555,Eucalyptus_delegatensis_subsp_delegatensis_CANB_499445,Eucalyptus_delegatensis,E_delegatensis
556,Eucalyptus_acmenoides_624,Eucalyptus_acmenoides,E_acmenoides
557,Eucalyptus_sphaerocarpa_606,Eucalyptus_sphaerocarpa,E_sphaerocarpa
558,Eucalyptus_latisinensis_247,Eucalyptus_latisinensis,E_latisinensis
559,Eucalyptus_rubiginosa_654,Eucalyptus_rubiginosa,E_rubiginosa
560,Eucalyptus_apothalassica_721925,Eucalyptus_apothalassica,E_apothalassica
561,Eucalyptus_carnea_718,Eucalyptus_carnea,E_carnea
562,Eucalyptus_umbra_ANBG_60074,Eucalyptus_umbra,E_umbra
563,Eucalyptus_sepulcralis_CANB_378343,Eucalyptus_sepulcralis,E_sepulcralis
564,Eucalyptus_preissiana_subsp_preissiana_422,Eucalyptus_preissiana,E_preissiana
565,Eucalyptus_erectifolia_CANB_794270,Eucalyptus_erectifolia,E_erectifolia
566,Eucalyptus_acies_CANB_610687,Eucalyptus_acies,E_acies
567,Eucalyptus_buprestium_CANB_632568,Eucalyptus_buprestium,E_buprestium
568,Eucalyptus_ligulata_subsp_ligulata_721,Eucalyptus_ligulata,E_ligulata
569,Eucalyptus_planchoniana_236,Eucalyptus_planchoniana,E_planchoniana
570,Eucalyptus_platydisca_CANB_638520,Eucalyptus_platydisca,E_platydisca
571,Eucalyptus_insularis_275,Eucalyptus_insularis,E_insularis
572,Eucalyptus_exilis_ANBG_8004906,Eucalyptus_exilis,E_exilis
573,Eucalyptus_pendens_CANB_794222,Eucalyptus_pendens,E_pendens
574,Eucalyptus_coronata_658,Eucalyptus_coronata,E_coronata
575,Eucalyptus_calcicola_subsp_calcicola_176,Eucalyptus_calcicola,E_calcicola
576,Eucalyptus_megacarpa_MC_11214,Eucalyptus_megacarpa,E_megacarpa
577,Eucalyptus_pachyloma_426,Eucalyptus_pachyloma,E_pachyloma
578,Eucalyptus_diversifolia_subsp_diversifolia_390,Eucalyptus_diversifolia,E_diversifolia
579,Eucalyptus_jacksonii_MC_10952,Eucalyptus_jacksonii,E_jacksonii
580,Eucalyptus_staeri_366,Eucalyptus_staeri,E_staeri
581,Eucalyptus_brevistylis_393,Eucalyptus_brevistylis,E_brevistylis
582,Eucalyptus_marginata_subsp_marginata_MC_10941,Eucalyptus_marginata,E_marginata
583,Eucalyptus_johnsoniana_CANB_794214,Eucalyptus_johnsoniana,E_johnsoniana
584,Eucalyptus_aquilina_CANB_459757,Eucalyptus_aquilina,E_aquilina
585,Eucalyptus_patens_ANBG_55807,Eucalyptus_patens,E_patens
586,Eucalyptus_todtiana_CANB_530801,Eucalyptus_todtiana,E_todtiana
587,Eucalyptus_dolorosa_610751,Eucalyptus_dolorosa,E_dolorosa
588,Eucalyptus_lateritica_CANB_794197,Eucalyptus_lateritica,E_lateritica
589,Eucalyptus_suberea_MC_10904A,NA,NA
590,Eucalyptus_yangoura_AHT_E16,NA,NA
591,Eucalyptus_oblonga_255,NA,NA
592,Eucalyptus_sparsifolia_216,Eucalyptus_sparsifolia,E_sparsifolia
593,Eucalyptus_cloeziana_241,Eucalyptus_cloeziana,E_cloeziana
594,Eucalyptus_curtisii_632,Eucalyptus_curtisii,E_curtisii
595,Eucalyptus_extrica_CANB_632680,Eucalyptus_extrica,E_extrica
596,Eucalyptus_pleurocarpa,Eucalyptus_pleurocarpa,E_pleurocarpa
597,Eucalyptus_erythrocorys,Eucalyptus_erythrocorys,E_erythrocorys
598,Eucalyptus_jucunda_MC_10796,Eucalyptus_jucunda,E_jucunda
599,Eucalyptus_roycei_328,Eucalyptus_roycei,E_roycei
600,Eucalyptus_eudesmioides_subsp_eudesmioides_MC_10780,Eucalyptus_eudesmioides,E_eudesmioides
601,Eucalyptus_gittinsii_subsp_gittinsii_MC_10801,Eucalyptus_gittinsii,E_gittinsii
602,Eucalyptus_gamophylla_MC_10612,Eucalyptus_gamophylla,E_gamophylla
603,Eucalyptus_odontocarpa_MC_10608,Eucalyptus_odontocarpa,E_odontocarpa
604,Eucalyptus_conveniens_48,Eucalyptus_conveniens,E_conveniens
605,Eucalyptus_ebbanoensis_subsp_ebbanoensis_ANBG_9806509,Eucalyptus_ebbanoensis,E_ebbanoensis
606,Eucalyptus_gongylocarpa_MC_11097,Eucalyptus_gongylocarpa,E_gongylocarpa
607,Eucalyptus_chartaboma_CANB_703248,Eucalyptus_chartaboma,E_chartaboma
608,Eucalyptus_gigantangion_CANB_454615,Eucalyptus_gigantangion,E_gigantangion
609,Eucalyptus_miniata_MC_10511,Eucalyptus_miniata,E_miniata
610,Eucalyptus_phoenicea_MC_10527,Eucalyptus_phoenicea,E_phoenicea
611,Eucalyptus_ceracea_CANB_551306,Eucalyptus_ceracea,E_ceracea
612,Eucalyptus_tetrodonta_MC_10512,Eucalyptus_tetrodonta,E_tetrodonta
613,Eucalyptus_lirata_CANB_784082,Eucalyptus_lirata,E_lirata
614,Eucalyptus_similis,Eucalyptus_similis,E_similis
615,Eucalyptus_baileyana_Mt_Annan_892003,Eucalyptus_baileyana,E_baileyanatnnan
616,Eucalyptus_tenuipes,Eucalyptus_tenuipes,E_tenuipes
617,Corymbia_bleeseri_MC_10516,Corymbia_bleeseri,C_bleeseri
618,Corymbia_collina_MC_10588,Corymbia_collina,C_collina
619,Corymbia_cadophora_subsp_cadophora_MC_10577,Corymbia_cadophora,C_cadophora
620,Corymbia_dunlopiana_CANB_640209,Corymbia_dunlopiana,C_dunlopiana
621,Corymbia_ferruginea_subsp_ferruginea_MC_10538,Corymbia_ferruginea,C_ferruginea
622,Corymbia_dampieri,NA,NA
623,Corymbia_deserticola_subsp_deserticola_MC_11111,Corymbia_deserticola,C_deserticola
624,Corymbia_eremaea_subsp_eremaea_280,Corymbia_eremaea,C_eremaea
625,Corymbia_ligans_subsp_ligans,Corymbia_ligans,C_ligans
626,Corymbia_erythrophloia_Mt_Annan_891984,Corymbia_erythrophloia,C_erythrophloiatnnan
627,Corymbia_plena_CANB_660150,Corymbia_plena,C_plena
628,Corymbia_dichromophloia_MC_10528,Corymbia_dichromophloia,C_dichromophloia
629,Corymbia_abbreviata_CANB_459002,Corymbia_abbreviata,C_abbreviata
630,Corymbia_foelscheana_MC_10508,Corymbia_foelscheana,C_foelscheana
631,Corymbia_greeniana_MC_10557,Corymbia_greeniana,C_greeniana
632,Corymbia_ellipsoidea_Mt_Annan_904974,Corymbia_ellipsoidea,C_ellipsoideatnnan
633,Corymbia_hendersonii_252,Corymbia_hendersonii,C_hendersonii
634,Corymbia_nesophila_MC_10553,Corymbia_nesophila,C_nesophila
635,Corymbia_zygophylla_MC_10581,Corymbia_zygophylla,C_zygophylla
636,Corymbia_papillosa_CANB_564789,Corymbia_papillosa,C_papillosa
637,Corymbia_opaca,Corymbia_opaca,C_opaca
638,Corymbia_opacula,NA,NA
639,Corymbia_terminalis_MC_10579,Corymbia_terminalis,C_terminalis
640,Corymbia_novaguineesis_CANB_738912,NA,NA
641,Corymbia_latifolia_CANB_785515,Corymbia_latifolia,C_latifolia
642,Corymbia_clarksoniana_ANBG_643951,Corymbia_clarksoniana,C_clarksoniana
643,Corymbia_jacobsiana_CANB_558528,Corymbia_jacobsiana,C_jacobsiana
644,Corymbia_lamprophylla_Mt_Annan_842093,Corymbia_lamprophylla,C_lamprophyllatnnan
645,Corymbia_intermedia_230,Corymbia_intermedia,C_intermedia
646,Corymbia_ptychocarpa_subsp_ptychocarpa_MC_10536,Corymbia_ptychocarpa,C_ptychocarpa
647,Corymbia_arenaria_MC_10558,Corymbia_arenaria,C_arenaria
648,Corymbia_dolichocarpa,NA,NA
649,Corymbia_polycarpa_CANB_785478,Corymbia_polycarpa,C_polycarpa
650,Corymbia_pachycarpa_CANB_785564,Corymbia_pachycarpa,C_pachycarpa
651,Corymbia_rhodops_CANB_598277,Corymbia_rhodops,C_rhodops
652,Corymbia_stockeri_subsp_stockeri_CANB_739042,Corymbia_stockeri,C_stockeri
653,Corymbia_porphyritica,NA,NA
654,Corymbia_lenziana_CANB_794064,Corymbia_lenziana,C_lenziana
655,Corymbia_hamersleyana_MC_11116,Corymbia_hamersleyana,C_hamersleyana
656,Corymbia_chippendalei_CANB_513580,Corymbia_chippendalei,C_chippendalei
657,Corymbia_brachycarpa_Mt_Annan_891988,Corymbia_brachycarpa,C_brachycarpatnnan
658,Corymbia_xanthope,Corymbia_xanthope,C_xanthope
659,Corymbia_abergiana_633,Corymbia_abergiana,C_abergiana
660,Corymbia_calophylla_377,Corymbia_calophylla,C_calophylla
661,Corymbia_haematoxylon_380,Corymbia_haematoxylon,C_haematoxylon
662,Corymbia_ficifolia_ANBG_c208,Corymbia_ficifolia,C_ficifolia c
663,Corymbia_gummifera_680,Corymbia_gummifera,C_gummifera
664,Corymbia_trachyphloia_ANBG_60750,Corymbia_trachyphloia,C_trachyphloia
665,Angophora_inopina_LAN025,Angophora_inopina,A_inopina
666,Angophora_subvelutina_LAN059,Angophora_subvelutina,A_subvelutina
667,Angophora_bakeri_subsp_bakeri_LAN103,Angophora_bakeri,A_bakeri
668,Angophora_costata_subsp_costata_LAN043,Angophora_costata,A_costata
669,Angophora_hispida_LAN009,Angophora_hispida,A_hispida
670,Angophora_robur_LAN056,Angophora_robur,A_robur
671,Angophora_woodsiana_LAN058,Angophora_woodsiana,A_woodsiana
672,Angophora_floribunda_LAN107,Angophora_floribunda,A_floribunda
673,Angophora_exul_573034,NA,NA
674,Angophora_melanoxylon_509,Angophora_melanoxylon,A_melanoxylon
675,Corymbia_petalophylla_Mt_Annan_892019,Corymbia_petalophylla,C_petalophyllatnnan
676,Corymbia_scabrida_Mt_Annan_891868,Corymbia_scabrida,C_scabridatnnan
677,Corymbia_catenaria_240,NA,NA
678,Corymbia_dimorpha,NA,NA
679,Corymbia_watsoniana_subsp_watsoniana_ANBG_68771,Corymbia_watsoniana,C_watsoniana
680,Corymbia_bunites_229,Corymbia_bunites,C_bunites
681,Corymbia_aureola_CANB_582839,Corymbia_aureola,C_aureola
682,Corymbia_leichhardtii_Mt_Annan_891967,Corymbia_leichhardtii,C_leichhardtiitnnan
683,Corymbia_leptoloma_694,Corymbia_leptoloma,C_leptoloma
684,Corymbia_peltata_493,Corymbia_peltata,C_peltata
685,Corymbia_bloxsomei_238,Corymbia_bloxsomei,C_bloxsomei
686,Corymbia_citriodora_231,Corymbia_citriodora,C_citriodora
687,Corymbia_variegata,NA,NA
688,Corymbia_henryi_ANBG_8910948,Corymbia_henryi,C_henryi
689,Corymbia_eximia_ANBG_62889,Corymbia_eximia,C_eximia
690,Corymbia_maculata_ANBG_7800470,Corymbia_maculata,C_maculata
691,Corymbia_tessellaris_324,Corymbia_tessellaris,C_tessellaris
692,Corymbia_torelliana_Mt_Annan_981102,Corymbia_torelliana,C_torellianatnnan
693,Corymbia_grandifolia_CANB_739034,Corymbia_grandifolia,C_grandifolia
694,Corymbia_dallachiana_CANB_697829,Corymbia_dallachiana,C_dallachiana
695,Corymbia_papuana_CANB_583122,Corymbia_papuana,C_papuana
696,Corymbia_aparrerinja_MC_10615,Corymbia_aparrerinja,C_aparrerinja
697,Corymbia_arafurica_CANB_557707,Corymbia_arafurica,C_arafurica
698,Corymbia_hylandii_CANB_738922,Corymbia_hylandii,C_hylandii
699,Corymbia_confertiflora_CANB_785485,Corymbia_confertiflora,C_confertiflora
700,Corymbia_gilbertensis_CANB_739029,Corymbia_gilbertensis,C_gilbertensis
701,Corymbia_polysciada_CANB_785479,Corymbia_polysciada,C_polysciada
702,Corymbia_dendromerinx_CANB_644448,Corymbia_dendromerinx,C_dendromerinx
703,Corymbia_torta_CANB_644409,Corymbia_torta,C_torta
704,Corymbia_bella_MC_10518,Corymbia_bella,C_bella
705,Corymbia_pauciseta_CANB_448845,Corymbia_pauciseta,C_pauciseta
706,Corymbia_ferriticola_MC_11117,Corymbia_ferriticola,C_ferriticola
707,Corymbia_porrecta_CANB_628340,Corymbia_porrecta,C_porrecta
708,Corymbia_candida_subsp_dispodes_454,Corymbia_candida,C_candida
709,Corymbia_flavescens_MC_10596,Corymbia_flavescens,C_flavescens
710,Corymbia_blakei_CANB_582767,Corymbia_blakei,C_blakei
711,Corymbia_aspera_CANB_785505,Corymbia_aspera,C_aspera
712,Arillastrum_gummiferum,NA,NA
713,Eucalyptopsis_papuana,Eucalyptopsis_papuana,E_papuana
714,Eucalyptopsis_alauda_CANB_704249,NA,NA
715,Stockwellia_quadrifida,Stockwellia_quadrifida,S_quadrifida
716,Allosyncarpia_ternata_CANB_760015,Allosyncarpia_ternata,A_ternata
717,Agonis_flexuosa,Agonis_flexuosa,Agonis flexuosa
718,Kunzea_ericoides,Kunzea_ericoides,Kunzea ericoides
719,Hypocalymma_linifolium,Hypocalymma_linifolium,Hypocalymma linifolium
720,Syncarpia_glomulifera_Jervis_Bay,Syncarpia_glomulifera,Syncarpia glomuliferaervisay
721,Syncarpia_hillii_612122,Syncarpia_hillii,Syncarpia hillii
722,Cloezia_floribunda,NA,NA
723,Tepualia_stipularis,NA,NA
724,Acmena_smithii,NA,NA
725,Syzygium_angophoroides,Syzygium_angophoroides,Syzygium angophoroides
726,Amomyrtus_luma,NA,NA
727,Decaspermum_humile,Decaspermum_humile,Decaspermum humile
728,Myrtus_communis,Myrtus_communis,Myrtus communis
729,Lophostemon_confertus,Lophostemon_confertus,Lophostemon confertus
730,Lophostemon_suaveolens_CANB_750277,Lophostemon_suaveolens,Lophostemon suaveolens
731,Kjellbergiodendron_celebicum,Kjellbergiodendron_celebicum,Kjellbergiodendron celebicum
732,Heteropyxis_natalensis,NA,NA